final_rank,feature,fold_1,fold_2,fold_3,fold_4,fold_5,average_rank,rank_std,mi_rank,mi_score
1,HISTO_ED_T2_Bin5,1,1,1,1,1,1.0,0.0,1,0.23849075161307276
2,TEXTURE_GLSZM_NET_FLAIR_SZE,1,1,1,1,1,1.0,0.0,12,0.18678323481121684
3,TEXTURE_GLRLM_NET_T1_GLV,1,1,1,1,1,1.0,0.0,27,0.13703026241673477
4,TEXTURE_GLRLM_ED_T2_GLV,1,1,1,1,1,1.0,0.0,43,0.1254776640716837
5,HISTO_ET_T2_Bin6,1,2,1,1,1,1.2,0.44721359549995787,2,0.23020255134374024
6,TEXTURE_GLSZM_NET_FLAIR_ZSN,1,1,1,2,1,1.2,0.4472135954999579,5,0.204236064999896
7,TEXTURE_GLSZM_NET_FLAIR_ZP,1,1,1,2,1,1.2,0.4472135954999579,32,0.13391841095582668
8,TEXTURE_GLRLM_NET_T2_SRLGE,1,3,1,1,1,1.4,0.8944271909999159,175,0.05061549793593256
9,TEXTURE_GLSZM_ED_T2_HGZE,1,2,1,1,2,1.4,0.5477225575051661,197,0.04373204349420967
10,TEXTURE_GLSZM_NET_T1_SZE,1,1,1,2,2,1.4,0.5477225575051661,255,0.02967776166800773
11,TEXTURE_GLCM_ED_T2_Energy,3,2,1,2,1,1.8,0.8366600265340756,44,0.12504272165560892
12,VOLUME_BRAIN,2,1,1,3,2,1.8,0.8366600265340756,122,0.06734914965848549
13,TEXTURE_GLSZM_ED_T2_GLN,1,1,5,1,1,1.8,1.7888543819998322,183,0.04826075100571381
14,TEXTURE_GLRLM_ED_T2_RLV,2,1,1,4,1,1.8,1.3038404810405297,239,0.03325034212738065
15,TEXTURE_GLRLM_NET_FLAIR_RLN,4,2,3,1,1,2.2,1.3038404810405297,46,0.12101885521498357
16,TEXTURE_GLSZM_NET_T1_ZSN,3,1,2,1,4,2.2,1.3038404810405297,229,0.034432859819331973
17,TEXTURE_GLRLM_NET_FLAIR_RP,1,4,7,1,1,2.8,2.6832815729997477,34,0.1332866789561702
18,TEXTURE_GLRLM_NET_FLAIR_SRE,3,3,6,1,1,2.8,2.04939015319192,36,0.13278067829756135
19,TEXTURE_GLRLM_ED_T1Gd_SRLGE,5,1,2,5,3,3.2,1.7888543819998317,7,0.19621693528265305
20,TEXTURE_GLSZM_ED_FLAIR_SZE,9,3,2,1,1,3.2,3.3466401061363023,184,0.047872355334299455
21,TEXTURE_GLCM_ED_FLAIR_Correlation,2,6,1,5,2,3.2,2.16794833886788,258,0.028409192710759257
22,TEXTURE_GLCM_ED_T2_AutoCorrelation,2,1,1,2,11,3.4,4.277849927241488,181,0.0491369712215568
23,TEXTURE_GLSZM_ED_FLAIR_ZSN,11,3,1,1,1,3.4,4.335896677735761,290,0.019256003133041544
24,TEXTURE_GLRLM_ED_FLAIR_LRLGE,1,5,1,3,7,3.4,2.6076809620810595,665,0.0
25,TEXTURE_GLSZM_ED_T1_LGZE,2,1,5,4,6,3.6,2.073644135332772,40,0.1283300527731288
26,TEXTURE_GLSZM_ED_T2_SZHGE,1,2,3,1,11,3.6,4.219004621945797,126,0.06599626496764288
27,TEXTURE_GLSZM_NET_FLAIR_LZHGE,1,14,2,2,1,4.0,5.612486080160912,243,0.03265209341592423
28,TEXTURE_GLRLM_NET_T1_RLN,9,9,1,3,1,4.6,4.09878030638384,24,0.14623122916487152
29,TEXTURE_GLSZM_ED_T1Gd_LGZE,8,1,1,7,6,4.6,3.361547262794322,37,0.13146769081642717
30,TEXTURE_GLSZM_NET_T1_ZP,18,1,2,1,1,4.6,7.503332592921628,101,0.07949105110393861
31,TEXTURE_GLSZM_NET_T2_LGZE,8,1,10,1,4,4.8,4.08656334834051,218,0.037569607767401036
32,TEXTURE_GLSZM_NET_T2_SZLGE,2,2,17,1,2,4.8,6.833739825307955,269,0.026024025467101364
