generation,best_accuracy,best_features,global_best_accuracy,global_best_features,unique_evaluations
0,0.8690909090909091,20,0.8690909090909091,20,100
1,0.9036363636363637,19,0.9036363636363637,19,195
2,0.9036363636363637,19,0.9036363636363637,19,291
3,0.9054545454545455,23,0.9054545454545455,23,385
4,0.9054545454545455,23,0.9054545454545455,23,482
5,0.9054545454545455,23,0.9054545454545455,23,571
6,0.9054545454545455,22,0.9054545454545455,22,667
7,0.9054545454545455,22,0.9054545454545455,22,761
8,0.9254545454545454,23,0.9254545454545454,23,855
9,0.9254545454545454,23,0.9254545454545454,23,953
10,0.9254545454545454,21,0.9254545454545454,21,1048
11,0.9254545454545454,21,0.9254545454545454,21,1138
12,0.9254545454545454,21,0.9254545454545454,21,1233
13,0.9254545454545454,21,0.9254545454545454,21,1328
14,0.9254545454545454,21,0.9254545454545454,21,1424
15,0.9254545454545454,21,0.9254545454545454,21,1515
16,0.9254545454545454,21,0.9254545454545454,21,1609
17,0.9254545454545454,21,0.9254545454545454,21,1704
18,0.9254545454545454,21,0.9254545454545454,21,1799
19,0.9254545454545454,21,0.9254545454545454,21,1896
