rank,feature,gain
1,TEXTURE_GLSZM_ET_T2_GLV,9.71430492401123
2,TEXTURE_GLSZM_NET_T1_SZE,7.529892444610596
3,TEXTURE_GLRLM_NET_T2_RLV,7.397038459777832
4,TEXTURE_GLRLM_ED_T2_GLV,4.816936492919922
5,HISTO_ED_T2_Bin8,4.166760444641113
6,TEXTURE_GLCM_NET_FLAIR_Energy,3.997004270553589
7,HISTO_NET_FLAIR_Bin4,2.9415435791015625
8,TEXTURE_GLCM_ED_T2_Homogeneity,2.0771336555480957
9,TEXTURE_GLCM_ED_FLAIR_Entropy,1.988917350769043
10,HISTO_ET_T2_Bin6,1.9710195064544678
11,HISTO_ET_T2_Bin2,1.4315316677093506
12,TEXTURE_GLRLM_NET_T1_SRE,1.4309109449386597
13,TEXTURE_NGTDM_ET_FLAIR_Coarseness,1.383164882659912
14,SPATIAL_Temporal,1.3009709119796753
15,TEXTURE_GLRLM_NET_T2_SRLGE,1.2580286264419556
16,TEXTURE_GLRLM_NET_T1Gd_SRHGE,1.2169530391693115
17,TEXTURE_GLRLM_ET_T1_GLV,0.8500986099243164
18,TEXTURE_GLCM_ED_T2_AutoCorrelation,0.808260977268219
19,TEXTURE_GLSZM_ET_FLAIR_GLN,0.7988938689231873
20,TEXTURE_GLSZM_ED_T2_GLN,0.5534260272979736
21,TEXTURE_GLSZM_ED_T2_HGZE,0.5107612609863281
22,TEXTURE_GLRLM_NET_T1_GLV,0.49006205797195435
23,HISTO_ET_T1Gd_Bin1,0.48505502939224243
24,HISTO_NET_FLAIR_Bin7,0.4306718111038208
25,TEXTURE_NGTDM_NET_FLAIR_Contrast,0.4112145006656647
26,HISTO_ET_T1Gd_Bin7,0.37452438473701477
27,TEXTURE_GLSZM_NET_T2_SZHGE,0.3309585154056549
28,TEXTURE_GLSZM_ED_FLAIR_LZLGE,0.2836490571498871
29,TEXTURE_GLSZM_ET_T1_ZSV,0.26659268140792847
30,INTENSITY_Mean_ET_T1,0.26039987802505493
31,TEXTURE_GLOBAL_ET_T2_Kurtosis,0.2509857416152954
32,TEXTURE_GLRLM_ET_T2_GLN,0.18415996432304382
33,TEXTURE_GLCM_NET_FLAIR_Correlation,0.16008497774600983
34,TEXTURE_GLSZM_ED_T1Gd_SZLGE,0.15558896958827972
35,TEXTURE_GLOBAL_ED_T2_Skewness,0.13853414356708527
36,VOLUME_ET_OVER_ED,0.09705173969268799
37,TEXTURE_GLOBAL_ET_FLAIR_Skewness,0.09652393311262131
38,TEXTURE_GLSZM_ED_T1_SZLGE,0.03476613759994507
