feature,le_fscore,do_xgb_ga,calabrese_mi_rfe,selected_by_methods
HISTO_ET_T2_Bin6,1,1,1,3
TEXTURE_GLRLM_ED_T2_GLV,1,1,1,3
TEXTURE_GLSZM_NET_T1_SZE,1,1,1,3
HISTO_ED_T2_Bin5,1,0,1,2
TEXTURE_GLRLM_NET_T1_GLV,0,1,1,2
TEXTURE_GLRLM_NET_T2_SRLGE,0,1,1,2
TEXTURE_GLSZM_ED_T2_GLN,0,1,1,2
TEXTURE_GLSZM_NET_FLAIR_SZE,1,0,1,2
TEXTURE_GLSZM_NET_FLAIR_ZP,1,0,1,2
TEXTURE_GLSZM_NET_FLAIR_ZSN,1,0,1,2
TEXTURE_GLSZM_NET_T1_ZP,1,0,1,2
TEXTURE_GLSZM_NET_T1_ZSN,1,0,1,2
HISTO_ET_T1Gd_Bin7,0,1,0,1
HISTO_NET_FLAIR_Bin4,0,1,0,1
HISTO_NET_FLAIR_Bin7,0,1,0,1
INTENSITY_Mean_ET_T1,0,1,0,1
SPATIAL_Temporal,0,1,0,1
TEXTURE_GLCM_ED_FLAIR_Correlation,0,0,1,1
TEXTURE_GLCM_ED_FLAIR_Entropy,0,1,0,1
TEXTURE_GLCM_ED_T2_AutoCorrelation,0,0,1,1
TEXTURE_GLCM_ED_T2_Energy,0,0,1,1
TEXTURE_GLCM_ED_T2_Homogeneity,0,1,0,1
TEXTURE_GLCM_NET_FLAIR_Correlation,0,1,0,1
TEXTURE_GLCM_NET_FLAIR_Energy,0,1,0,1
TEXTURE_GLOBAL_ED_T2_Skewness,0,1,0,1
TEXTURE_GLOBAL_ET_T2_Kurtosis,0,1,0,1
TEXTURE_GLRLM_ED_FLAIR_LRLGE,0,0,1,1
TEXTURE_GLRLM_ED_T1Gd_SRLGE,0,0,1,1
TEXTURE_GLRLM_ED_T2_RLV,0,0,1,1
TEXTURE_GLRLM_NET_FLAIR_RLN,0,0,1,1
TEXTURE_GLRLM_NET_FLAIR_RP,0,0,1,1
TEXTURE_GLRLM_NET_FLAIR_SRE,0,0,1,1
TEXTURE_GLRLM_NET_T1_RLN,0,0,1,1
TEXTURE_GLSZM_ED_FLAIR_SZE,0,0,1,1
TEXTURE_GLSZM_ED_FLAIR_ZSN,0,0,1,1
TEXTURE_GLSZM_ED_T1Gd_LGZE,0,0,1,1
TEXTURE_GLSZM_ED_T1_LGZE,0,0,1,1
TEXTURE_GLSZM_ED_T2_HGZE,0,0,1,1
TEXTURE_GLSZM_ED_T2_SZHGE,0,0,1,1
TEXTURE_GLSZM_ET_T1_ZSV,0,1,0,1
TEXTURE_GLSZM_NET_FLAIR_LZHGE,0,0,1,1
TEXTURE_GLSZM_NET_T2_LGZE,0,0,1,1
TEXTURE_GLSZM_NET_T2_SZHGE,0,1,0,1
TEXTURE_GLSZM_NET_T2_SZLGE,0,0,1,1
TEXTURE_NGTDM_NET_FLAIR_Contrast,0,1,0,1
VOLUME_BRAIN,0,0,1,1
VOLUME_ET_OVER_ED,0,1,0,1
