rank,feature,f_score
1,HISTO_ET_T2_Bin6,0.259136213351936
2,TEXTURE_GLRLM_ED_T2_GLV,0.19973339620380523
3,TEXTURE_GLSZM_NET_FLAIR_ZP,0.18322637163730882
4,TEXTURE_GLSZM_NET_FLAIR_SZE,0.1673874982766418
5,TEXTURE_GLSZM_NET_FLAIR_ZSN,0.1672296833856514
6,TEXTURE_GLSZM_NET_T1_ZSN,0.1668957450576322
7,TEXTURE_GLSZM_NET_T1_SZE,0.161355827558441
8,HISTO_ED_T2_Bin5,0.15733836868843862
9,TEXTURE_GLSZM_NET_T1_ZP,0.15263378623981316
10,TEXTURE_GLSZM_ED_T2_SZHGE,0.1523307508273873
11,SOLIDITY_ED,0.14449006999572891
12,TEXTURE_GLRLM_NET_T1_GLV,0.14186561302624628
13,TEXTURE_GLCM_ED_T2_Energy,0.13765967978211519
14,TEXTURE_GLSZM_NET_FLAIR_GLV,0.12519454288370915
15,HISTO_ET_T1Gd_Bin1,0.12470208623351088
16,TEXTURE_GLSZM_NET_T1_GLV,0.12451944620961378
17,HISTO_NET_T1Gd_Bin10,0.1226965636560894
18,TEXTURE_GLSZM_ED_T2_HGZE,0.11316099799207932
19,TEXTURE_GLCM_ED_T2_Entropy,0.11303504701040162
20,HISTO_ED_T2_Bin9,0.11272708094006399
21,SPATIAL_Parietal,0.1113237397941711
22,TEXTURE_GLSZM_NET_T2_LGZE,0.11073010825814716
23,TEXTURE_NGTDM_NET_T1_Strength,0.10812546120580836
24,TEXTURE_GLCM_ED_FLAIR_Homogeneity,0.10796571081950194
25,TEXTURE_GLSZM_NET_T2_ZP,0.10789710546751023
26,TEXTURE_NGTDM_NET_FLAIR_Strength,0.10432052344972095
27,TEXTURE_GLRLM_NET_T2_SRLGE,0.10356893170747668
28,TEXTURE_GLSZM_NET_T2_SZLGE,0.10353733720801794
29,TEXTURE_NGTDM_NET_T2_Strength,0.10350227334843111
30,TEXTURE_GLSZM_ED_T2_LZE,0.1017250180224814
31,TEXTURE_GLRLM_NET_T2_GLV,0.10147877576030599
32,TEXTURE_GLSZM_ED_FLAIR_ZP,0.10126227007118034
33,HISTO_ED_FLAIR_Bin10,0.10073639099787084
34,TEXTURE_GLRLM_NET_T2_LRHGE,0.09872768851784816
35,TEXTURE_GLRLM_NET_FLAIR_RLN,0.09871464708025464
36,TEXTURE_NGTDM_NET_T1Gd_Strength,0.09802373791860844
37,TEXTURE_GLSZM_ED_T2_LZHGE,0.09766290900694251
38,TEXTURE_GLOBAL_ET_T1Gd_Skewness,0.09754545405736842
39,TEXTURE_GLRLM_ED_FLAIR_RLN,0.09652654802193121
40,TEXTURE_GLSZM_NET_T2_GLV,0.09610878302470052
41,TEXTURE_GLSZM_NET_T1Gd_LGZE,0.0961037279420916
42,VOLUME_NET_OVER_WT,0.09533436749195567
43,TEXTURE_GLRLM_ED_T2_SRE,0.0953078977054121
44,HISTO_ET_T2_Bin3,0.09517142108794155
45,SOLIDITY_ET,0.09484544064087885
46,TEXTURE_GLRLM_ED_FLAIR_SRE,0.09468990393608148
47,TEXTURE_GLSZM_ED_FLAIR_GLV,0.09420633041201214
48,HISTO_ET_T1Gd_Bin2,0.09402458334257145
49,TEXTURE_GLRLM_ED_T2_RLN,0.093986603768135
50,TEXTURE_GLSZM_NET_T1Gd_GLV,0.09351376096802876
51,TEXTURE_NGTDM_NET_FLAIR_Contrast,0.09319227305605755
52,TEXTURE_GLRLM_ED_T2_RP,0.09075852165325514
53,TEXTURE_GLCM_NET_FLAIR_Contrast,0.09035896406949073
54,TEXTURE_GLSZM_NET_T1Gd_SZLGE,0.09024156520964559
55,TEXTURE_GLRLM_ED_T2_LRE,0.0897731820437407
56,VOLUME_ET_OVER_NET,0.08891995596102198
57,TEXTURE_NGTDM_ET_T1Gd_Busyness,0.08782061094371735
58,TEXTURE_GLRLM_NET_FLAIR_GLV,0.08770010888966341
59,VOLUME_NET_OVER_ED,0.08725551919778919
60,TEXTURE_GLRLM_NET_T2_LGRE,0.08724007623620174
61,TEXTURE_GLSZM_ED_T2_ZP,0.0872034485386082
62,TEXTURE_GLRLM_ED_T1Gd_LGRE,0.087192973415471
63,VOLUME_NET_over_TC,0.08660624569370597
64,VOLUME_ET_over_TC,0.08660613421753816
65,TEXTURE_GLRLM_ED_FLAIR_LRLGE,0.0862063889679882
66,TEXTURE_GLSZM_NET_T2_ZSN,0.0860246763611923
67,HISTO_ED_T1_Bin10,0.08536074353418532
68,TEXTURE_GLRLM_ED_T1Gd_SRLGE,0.08512933652695509
69,TEXTURE_GLSZM_NET_T1Gd_ZSV,0.0848086125271241
70,TEXTURE_GLSZM_NET_T1Gd_ZSN,0.08451620676458478
71,TEXTURE_GLCM_NET_FLAIR_Correlation,0.08398313284974374
72,TEXTURE_NGTDM_NET_T2_Coarseness,0.08366187750566927
73,TEXTURE_GLRLM_ED_FLAIR_RP,0.08345198662018738
74,TEXTURE_GLRLM_NET_FLAIR_RLV,0.08249630255302319
75,HISTO_ED_T2_Bin10,0.08190956432190502
76,TEXTURE_GLRLM_ED_T2_RLV,0.08125851922326197
77,TEXTURE_GLSZM_NET_T1Gd_SZE,0.08079912235686385
78,TEXTURE_GLRLM_NET_FLAIR_SRE,0.08025366519579057
79,TEXTURE_GLRLM_NET_T1Gd_SRLGE,0.07908207113110374
80,TEXTURE_GLRLM_NET_T2_RLV,0.07883733629614637
81,TEXTURE_GLCM_ED_FLAIR_Dissimilarity,0.07835323982772653
82,TEXTURE_GLRLM_NET_T1Gd_LGRE,0.07816781457273315
83,TEXTURE_GLRLM_NET_FLAIR_RP,0.07777018405910852
84,HISTO_ED_T2_Bin8,0.07655320236024266
85,TEXTURE_GLRLM_NET_T1_RLN,0.07619938056029088
86,TEXTURE_GLSZM_NET_T2_SZE,0.07604771988974712
87,HISTO_ET_T2_Bin2,0.07587784660345334
88,TEXTURE_GLCM_NET_FLAIR_Dissimilarity,0.07532609149999424
89,TEXTURE_GLCM_ED_T2_Homogeneity,0.07412658827660457
90,TEXTURE_NGTDM_ET_T1Gd_Strength,0.07325994082631582
91,TEXTURE_NGTDM_NET_T1Gd_Coarseness,0.0730411015169999
92,TEXTURE_NGTDM_ED_T2_Complexity,0.07254287959811087
93,HISTO_NET_T1Gd_Bin6,0.07244439378881538
94,TEXTURE_GLSZM_ED_T2_SZE,0.07179303360747052
95,TEXTURE_GLRLM_NET_FLAIR_LRHGE,0.07124261938173397
96,TEXTURE_GLCM_NET_T2_Energy,0.07114413956359569
97,TEXTURE_GLSZM_ET_T1Gd_LGZE,0.07062092573510904
98,TEXTURE_GLSZM_NET_T1_SZLGE,0.0704602545910624
99,SOLIDITY_NET,0.07036351897420579
100,TEXTURE_GLSZM_ED_T2_ZSN,0.06960480637416039
101,TEXTURE_GLRLM_ED_FLAIR_LRE,0.06935388350950994
102,TEXTURE_NGTDM_NET_T1_Coarseness,0.06894666190194382
103,TEXTURE_GLCM_NET_T2_Entropy,0.06880653758870048
104,TEXTURE_GLCM_ED_T2_Dissimilarity,0.06842971661902818
105,INTENSITY_Mean_ED_T1Gd,0.06796749103927002
106,TEXTURE_GLSZM_ET_T1Gd_SZLGE,0.06781852285931905
107,TEXTURE_GLRLM_NET_T2_GLN,0.06667328259327568
108,HISTO_NET_T2_Bin10,0.06658646040957023
109,TEXTURE_GLCM_ED_T2_Contrast,0.06614462946792235
110,HISTO_NET_T1_Bin8,0.06587812695460032
111,TEXTURE_GLSZM_NET_T1_LGZE,0.0657949788060053
112,TEXTURE_NGTDM_NET_T1_Contrast,0.0657548230436272
113,TEXTURE_NGTDM_NET_FLAIR_Coarseness,0.06548843857033863
114,TEXTURE_GLRLM_ED_T1Gd_LRLGE,0.0651527468258906
115,TEXTURE_GLSZM_ED_T2_GLN,0.06490136220710463
116,TEXTURE_NGTDM_ED_T2_Contrast,0.06407406951059136
117,VOLUME_ED_over_TC,0.06404389896413375
118,TEXTURE_GLSZM_NET_T1_ZSV,0.06380536013168875
119,TEXTURE_GLSZM_NET_FLAIR_ZSV,0.06371508388333244
120,TEXTURE_GLSZM_NET_T1Gd_ZP,0.06196147636261344
121,TEXTURE_GLRLM_ET_T1Gd_LGRE,0.06064381449183114
122,TEXTURE_GLSZM_ED_FLAIR_SZE,0.060449611896641636
123,TEXTURE_GLRLM_ET_T1Gd_SRLGE,0.060352727047928996
124,TEXTURE_GLRLM_NET_T1_LRLGE,0.06006299229847104
125,HISTO_NET_T2_Bin8,0.05970358319879872
126,TEXTURE_GLOBAL_ET_FLAIR_Skewness,0.0593966793413866
127,HISTO_ET_T1_Bin8,0.05925294946283344
128,TEXTURE_GLRLM_NET_T1_SRE,0.058944072556886065
129,TEXTURE_GLRLM_ET_T1Gd_LRLGE,0.05869545118079536
130,TEXTURE_GLCM_ED_FLAIR_Energy,0.05818575072322146
131,TEXTURE_GLSZM_NET_FLAIR_SZLGE,0.057873248263179196
132,VOLUME_TC_OVER_WT,0.05693864144807638
133,VOLUME_ED_OVER_WT,0.05693864143463982
134,TEXTURE_GLSZM_ED_FLAIR_ZSN,0.056834386892882345
135,TEXTURE_GLCM_NET_T2_Variance,0.05593108281750477
136,TEXTURE_GLOBAL_ED_T1Gd_Skewness,0.055352659502606455
137,TEXTURE_GLRLM_NET_T1Gd_RLV,0.05398296740067107
138,TEXTURE_GLRLM_NET_T1_RP,0.053849740669462236
139,TEXTURE_GLRLM_NET_T2_RLN,0.05366676417636097
140,HISTO_NET_T2_Bin7,0.05364792375900633
141,TEXTURE_NGTDM_ET_FLAIR_Strength,0.051443332273011226
142,TEXTURE_NGTDM_ET_T1Gd_Coarseness,0.050747116010585104
143,TEXTURE_GLRLM_ED_T1_LRLGE,0.050394921760528066
144,DIST_Vent_TC,0.05026201338114793
145,TEXTURE_GLSZM_NET_FLAIR_LGZE,0.05007984326204149
146,TEXTURE_GLCM_ED_FLAIR_Contrast,0.049966340239151134
147,TEXTURE_GLSZM_ED_T1_LZLGE,0.04977643588019445
148,TEXTURE_GLSZM_ET_FLAIR_SZLGE,0.049676798219058356
149,SPATIAL_Temporal,0.049634389415939784
150,HISTO_ET_T2_Bin5,0.04930171949896081
151,HISTO_ED_T1_Bin9,0.04900205547917679
152,TEXTURE_GLSZM_NET_T2_ZSV,0.0488840581628957
153,TEXTURE_GLRLM_NET_T1_SRLGE,0.04868769270770313
154,TEXTURE_GLSZM_NET_T2_GLN,0.04841641431463993
155,SPATIAL_CC_Fornix,0.0483197686658884
156,HISTO_ET_T1Gd_Bin5,0.048140669785275286
157,TEXTURE_GLRLM_ED_T2_SRHGE,0.04802009343209096
158,TEXTURE_GLCM_ED_T1_SumAverage,0.04795441396251689
159,TEXTURE_GLRLM_NET_T1_RLV,0.04765413855772301
160,TEXTURE_NGTDM_ET_T2_Strength,0.04723058115515761
161,HISTO_ET_T1Gd_Bin6,0.04597272396630674
162,TEXTURE_GLRLM_ED_T1_SRLGE,0.04592668575703944
163,HISTO_ET_T2_Bin4,0.04589118534312851
164,TEXTURE_GLSZM_ET_FLAIR_ZSV,0.045841886455718614
165,TEXTURE_GLRLM_ED_T1_GLV,0.04581565205262166
166,HISTO_NET_T1Gd_Bin9,0.04532236229276895
167,TEXTURE_GLRLM_ED_T1_LGRE,0.04528360543647612
168,HISTO_ET_T1Gd_Bin7,0.04491099034069234
169,TEXTURE_GLRLM_NET_FLAIR_SRLGE,0.04490469291680645
170,TEXTURE_GLCM_NET_T1Gd_Entropy,0.04470614627843871
171,TEXTURE_GLCM_NET_T2_Correlation,0.04422429542766914
172,VOLUME_NET_OVER_BRAIN,0.043979388921153315
173,TEXTURE_GLSZM_ED_T2_LZLGE,0.04391176617018185
174,TEXTURE_NGTDM_NET_FLAIR_Complexity,0.0435922666577444
175,TEXTURE_NGTDM_ET_T2_Coarseness,0.042837683672795404
176,TEXTURE_GLRLM_NET_T2_LRLGE,0.042154866116875564
177,HISTO_ED_T1_Bin5,0.04194051296788443
178,HISTO_ED_T1_Bin6,0.04180162561657316
179,TEXTURE_NGTDM_ET_FLAIR_Coarseness,0.041768740086899014
180,TEXTURE_GLCM_ED_T1_AutoCorrelation,0.04120349011970231
181,TEXTURE_NGTDM_ED_T1Gd_Busyness,0.04083348709208149
182,TEXTURE_GLOBAL_ET_T1Gd_Variance,0.04078925982271645
183,TEXTURE_GLCM_ED_T1_Correlation,0.04058933761741187
184,TEXTURE_GLRLM_NET_T2_SRE,0.04025538012006253
185,TEXTURE_GLRLM_NET_T1_LGRE,0.040163189982065056
186,TEXTURE_GLRLM_NET_T2_HGRE,0.04015499564951801
187,TEXTURE_GLRLM_NET_T2_RP,0.03978717142552373
188,TEXTURE_GLCM_NET_T1_Contrast,0.039752494277960536
189,TEXTURE_GLRLM_ET_T1Gd_LRHGE,0.038652823840624344
190,TEXTURE_GLSZM_ET_T2_ZSV,0.038162541606515596
191,TEXTURE_GLCM_ED_T2_Correlation,0.038067347653664915
192,TEXTURE_GLSZM_ED_T2_GLV,0.03804101507084501
193,TEXTURE_GLCM_NET_T1Gd_Energy,0.037942621329030674
194,TEXTURE_NGTDM_NET_T1Gd_Busyness,0.03767708000869473
195,HISTO_NET_T1Gd_Bin3,0.03766909685113075
196,TEXTURE_NGTDM_NET_T1_Complexity,0.036889806442127054
197,HISTO_NET_T1_Bin9,0.03661445391727122
198,TEXTURE_GLSZM_ED_T1_GLN,0.03639294867476624
199,TEXTURE_GLCM_ED_FLAIR_Correlation,0.03623216802968638
200,TEXTURE_GLCM_ED_FLAIR_Entropy,0.03614329954480375
201,TEXTURE_GLRLM_NET_FLAIR_LGRE,0.03585595394717024
202,TEXTURE_NGTDM_ED_FLAIR_Complexity,0.0357927156547063
203,TEXTURE_NGTDM_ED_FLAIR_Contrast,0.034741433004002266
204,TEXTURE_GLCM_NET_FLAIR_AutoCorrelation,0.03467376575191674
205,SPATIAL_Insula,0.03451161045566668
206,TEXTURE_GLCM_NET_T1_Energy,0.034508683370481893
207,TEXTURE_GLCM_NET_FLAIR_SumAverage,0.03437046346752055
208,TEXTURE_GLRLM_ET_T1_LGRE,0.03412939648741493
209,TEXTURE_GLRLM_NET_T1Gd_GLV,0.03346890882783074
210,TEXTURE_GLCM_ET_T1Gd_SumAverage,0.03329434257281229
211,TEXTURE_GLCM_NET_T2_SumAverage,0.03302001844280549
212,HISTO_NET_T1_Bin10,0.032929139616700215
213,TEXTURE_GLCM_NET_FLAIR_Homogeneity,0.03276308479550289
214,TEXTURE_GLRLM_NET_FLAIR_LRE,0.03270235547770907
215,TEXTURE_GLCM_ET_T1_Dissimilarity,0.03266438983970239
216,TEXTURE_GLSZM_ED_FLAIR_LZE,0.03252193671140115
217,TEXTURE_GLSZM_ET_T1_GLV,0.03242390439861476
218,TEXTURE_GLCM_ET_T1_Contrast,0.032406967925289944
219,TEXTURE_GLSZM_ED_FLAIR_SZHGE,0.0321551513053928
220,VOLUME_NET,0.03205061223373523
221,TGM_Cog_X_1,0.03194545426348108
222,TEXTURE_GLSZM_ET_T2_LZLGE,0.031868656870140885
223,TEXTURE_GLRLM_ET_T1_SRLGE,0.03168996118370772
224,TEXTURE_GLCM_NET_T1_Dissimilarity,0.031585095129318896
225,TEXTURE_GLCM_ED_T1Gd_Correlation,0.03147075878426872
226,TEXTURE_GLCM_NET_T2_AutoCorrelation,0.03132104684658256
227,TEXTURE_GLSZM_ED_FLAIR_LZHGE,0.0312927007787366
228,TEXTURE_GLOBAL_ED_T1_Variance,0.03119267665367486
229,TEXTURE_GLOBAL_NET_T1Gd_Variance,0.03093890336702818
230,SPATIAL_Brain_stem,0.03085194261433147
231,HISTO_ED_T1Gd_Bin6,0.030604202560578667
232,TEXTURE_GLCM_ET_T1Gd_AutoCorrelation,0.03058927822860262
233,HISTO_ET_T1_Bin5,0.03044427809838656
234,DIST_Vent_ED,0.03019342080438804
235,TEXTURE_GLCM_NET_T1Gd_AutoCorrelation,0.030137842083242907
236,TEXTURE_GLSZM_ET_FLAIR_GLV,0.03005075719284153
237,TEXTURE_GLRLM_ED_FLAIR_GLV,0.02992078019314666
238,TEXTURE_GLCM_ET_T1_Homogeneity,0.029855951904259537
239,TEXTURE_GLSZM_ET_T1Gd_SZHGE,0.02934208361965772
240,TEXTURE_GLCM_ED_T1Gd_SumAverage,0.02896398096123642
241,HISTO_ET_T1_Bin7,0.028888499172955176
242,TEXTURE_NGTDM_ET_T1_Coarseness,0.0284974104335813
243,TEXTURE_GLRLM_NET_FLAIR_GLN,0.028409123736904206
244,TEXTURE_GLRLM_ET_T1Gd_HGRE,0.02833812193238265
245,TEXTURE_NGTDM_NET_T2_Contrast,0.02830661912811838
246,INTENSITY_Mean_ET_FLAIR,0.028138484133821674
247,HISTO_ET_T2_Bin10,0.027861690483271983
248,TEXTURE_GLCM_NET_T1Gd_SumAverage,0.027665002813797055
249,TEXTURE_GLSZM_NET_T1Gd_HGZE,0.027608246166028323
250,HISTO_ET_T2_Bin1,0.02733140862563941
251,TEXTURE_GLRLM_ET_T1Gd_GLV,0.02731546422009586
252,TEXTURE_GLSZM_ET_FLAIR_LGZE,0.02707869963364916
253,HISTO_NET_T1_Bin5,0.026897882697262676
254,TEXTURE_GLSZM_ET_T1Gd_LZHGE,0.026511577032922798
255,TEXTURE_GLRLM_ET_T1Gd_SRHGE,0.026381701698129534
256,TEXTURE_GLSZM_ET_T1_ZP,0.026013684670271743
257,TEXTURE_GLRLM_ET_T1_LRLGE,0.026001173722508743
258,TEXTURE_GLSZM_ET_T1_ZSN,0.025970007954619272
259,TEXTURE_GLRLM_ED_T2_HGRE,0.025914791792581503
260,TEXTURE_GLSZM_ET_T2_GLV,0.02583093397878604
261,TEXTURE_GLRLM_ED_T1_GLN,0.025664650302278994
262,TEXTURE_GLCM_NET_FLAIR_Variance,0.025614999882363466
263,HISTO_ET_T1Gd_Bin4,0.025504156005997976
264,TEXTURE_GLRLM_ED_T1Gd_LRHGE,0.025481428721530475
265,TEXTURE_GLSZM_ET_T1_SZLGE,0.025270234457909106
266,TEXTURE_GLRLM_NET_T1Gd_RLN,0.02518829918849739
267,TEXTURE_GLSZM_ET_T1Gd_HGZE,0.02499012117090821
268,TEXTURE_GLRLM_NET_T2_SRHGE,0.024981503317208935
269,TEXTURE_GLSZM_ED_FLAIR_LZLGE,0.024855972253654345
270,TEXTURE_GLSZM_ET_T1_SZE,0.024599708443841732
271,TEXTURE_GLOBAL_ED_T1_Kurtosis,0.02451460548859057
272,TEXTURE_GLCM_ET_FLAIR_Homogeneity,0.02446289583263062
273,TEXTURE_GLOBAL_ET_T1_Skewness,0.024250755967277913
274,SPATIAL_Cere,0.02399934165491337
275,TEXTURE_GLOBAL_NET_FLAIR_Skewness,0.023964234188409237
276,TEXTURE_GLRLM_ED_T2_GLN,0.0238891829019492
277,TEXTURE_GLOBAL_NET_T1Gd_Kurtosis,0.023800865619725976
278,TEXTURE_GLCM_NET_FLAIR_Energy,0.023774343368767013
279,TEXTURE_GLRLM_ED_T1_LRHGE,0.023733026840931152
280,TEXTURE_GLSZM_NET_FLAIR_GLN,0.02352180669881329
281,TEXTURE_GLCM_NET_T1_Correlation,0.023183555286959784
282,HISTO_ED_T2_Bin7,0.02317496403899707
283,SPATIAL_Occipital,0.023136380350593372
284,TEXTURE_GLSZM_ET_T1Gd_GLV,0.022977687849979774
285,INTENSITY_STD_ED_T1Gd,0.022924437854503633
286,TEXTURE_GLOBAL_NET_T1_Variance,0.02269344854092195
287,INTENSITY_STD_ED_FLAIR,0.022666324605436005
288,TEXTURE_NGTDM_ED_T1_Strength,0.022574531154832825
289,TEXTURE_GLRLM_ED_FLAIR_LRHGE,0.022411945239334423
290,TEXTURE_GLCM_ET_T1_Correlation,0.021772469457167674
291,TEXTURE_GLOBAL_ED_T2_Skewness,0.02162502001967201
292,TEXTURE_GLOBAL_NET_T2_Kurtosis,0.021386822621176152
293,TEXTURE_NGTDM_NET_T1_Busyness,0.021233660990707632
294,HISTO_NET_T2_Bin2,0.021068091881308895
295,HISTO_ED_T1Gd_Bin7,0.02101152861176351
296,ECCENTRICITY_ET,0.020817118426929102
297,HISTO_ED_T2_Bin4,0.020806086426550963
298,HISTO_ET_FLAIR_Bin2,0.020782076181123352
299,TEXTURE_GLCM_ED_T1Gd_AutoCorrelation,0.02073665403752735
300,TEXTURE_GLRLM_ET_T1_RLN,0.020474868585467026
301,TEXTURE_GLSZM_ET_T2_SZE,0.02032338482623199
302,TEXTURE_GLSZM_ET_T1Gd_LZE,0.020089885350798333
303,HISTO_NET_T2_Bin1,0.019905185289284533
304,TGM_Cog_Z_1,0.01959771087784505
305,TEXTURE_GLRLM_ET_T1_SRE,0.019481971127777036
306,HISTO_ED_FLAIR_Bin4,0.01945843074893348
307,TEXTURE_GLSZM_ET_T1_LGZE,0.01936091856533719
308,INTENSITY_Mean_NET_FLAIR,0.019130275269582855
309,TEXTURE_GLSZM_ET_T1_ZSV,0.018919745835601305
310,HISTO_ET_T2_Bin9,0.018905871398223133
311,HISTO_ET_T1_Bin6,0.018863442160471942
312,SPATIAL_Basal_G,0.01886301571450081
313,VOLUME_TC_over_BRAIN,0.018763763890733066
314,TGM_T_1,0.018748669233671824
315,TEXTURE_GLSZM_NET_T1Gd_LZHGE,0.018402121185231678
316,TEXTURE_NGTDM_ET_T1_Complexity,0.018266321891464633
317,TEXTURE_GLRLM_NET_T1_LRE,0.018255272793337666
318,TEXTURE_GLRLM_NET_FLAIR_HGRE,0.01816018811941089
319,TEXTURE_GLSZM_ET_T2_ZSN,0.018131080232482034
320,TEXTURE_GLSZM_NET_T1Gd_GLN,0.018102139324437924
321,INTENSITY_STD_ED_T2,0.018087852225205123
322,TEXTURE_GLRLM_NET_T1Gd_SRE,0.018003147187861925
323,TEXTURE_GLSZM_ED_T1Gd_GLN,0.01778072742738555
324,TEXTURE_GLSZM_NET_T1Gd_LZE,0.017760200429508714
325,TEXTURE_GLSZM_ED_T1Gd_LZLGE,0.017753494219502487
326,TEXTURE_NGTDM_NET_T2_Busyness,0.01749737029045468
327,HISTO_ED_T1Gd_Bin1,0.0174878603405853
328,TEXTURE_GLRLM_NET_T1Gd_HGRE,0.01701263609659316
329,TEXTURE_GLCM_NET_T1Gd_Variance,0.016890117889656147
330,HISTO_ED_T1Gd_Bin3,0.016852756988981716
331,TEXTURE_GLRLM_ET_T1_RP,0.016488996202417727
332,TEXTURE_NGTDM_ET_T1_Contrast,0.016412056922098368
333,TEXTURE_GLCM_ED_T1_Variance,0.01632683887240356
334,ECCENTRICITY_NET,0.01596652460575581
335,TEXTURE_GLRLM_NET_T1Gd_SRHGE,0.0158737781046751
336,TEXTURE_GLCM_ED_T1Gd_Homogeneity,0.01579202834974219
337,TEXTURE_GLOBAL_ED_T1Gd_Kurtosis,0.015628794714153557
338,TEXTURE_GLRLM_ET_FLAIR_LGRE,0.015509179300453252
339,TEXTURE_GLSZM_ET_T2_SZLGE,0.015430799706989587
340,HISTO_ED_FLAIR_Bin9,0.015292969083209746
341,TEXTURE_GLCM_NET_T1_Homogeneity,0.015235638507209
342,TEXTURE_GLRLM_NET_T1Gd_LRHGE,0.015146503933753462
343,TEXTURE_GLSZM_ET_T2_LGZE,0.0149191047735807
344,HISTO_ED_T1_Bin8,0.01487830215945065
345,HISTO_ET_FLAIR_Bin5,0.014868817606122768
346,TEXTURE_GLRLM_NET_T1Gd_GLN,0.014624182784023576
347,TEXTURE_GLSZM_ED_T1Gd_SZLGE,0.014589921890778663
348,TEXTURE_NGTDM_NET_FLAIR_Busyness,0.014479811841051822
349,HISTO_NET_T1Gd_Bin2,0.014297630511641315
350,TEXTURE_GLRLM_NET_T1Gd_RP,0.014293272674351489
351,TEXTURE_GLOBAL_NET_T2_Skewness,0.014144499239611235
352,TEXTURE_GLRLM_ED_T1_HGRE,0.014008365970064999
353,TEXTURE_GLRLM_ED_T1Gd_GLN,0.013993272320386172
354,TEXTURE_GLSZM_ED_T1Gd_LZHGE,0.013935314993170838
355,TEXTURE_GLSZM_NET_T1_LZHGE,0.01369524536954203
356,HISTO_ED_T2_Bin6,0.013649933216235637
357,TEXTURE_GLSZM_NET_T1_SZHGE,0.013510264816539724
358,INTENSITY_STD_ET_T1Gd,0.013492123136717953
359,VOLUME_BRAIN,0.013415910963138572
360,HISTO_ED_T2_Bin2,0.013402876702491151
361,TEXTURE_GLRLM_NET_T2_LRE,0.013206173087629735
362,TEXTURE_GLOBAL_ED_T2_Variance,0.013144753215717835
363,TEXTURE_GLRLM_ED_T2_LRHGE,0.013097522144297729
364,TEXTURE_GLSZM_ED_T1Gd_GLV,0.01297002691452709
365,TEXTURE_GLSZM_ED_T1_LGZE,0.012838505043360149
366,VOLUME_ET_OVER_ED,0.012763712824952447
367,TEXTURE_GLRLM_NET_FLAIR_LRLGE,0.012563632901425831
368,TEXTURE_NGTDM_ED_T1_Busyness,0.012409577574498344
369,TEXTURE_GLOBAL_ET_T1_Variance,0.012282343088134442
370,TEXTURE_GLCM_NET_T2_Homogeneity,0.012226594386682338
371,TEXTURE_GLRLM_ET_FLAIR_SRLGE,0.012153043291685539
372,TEXTURE_NGTDM_ED_FLAIR_Coarseness,0.012148752056017485
373,HISTO_ED_FLAIR_Bin6,0.012131371936243147
374,TEXTURE_GLRLM_ET_FLAIR_RLV,0.012086467626077834
375,TEXTURE_GLSZM_NET_T1_LZE,0.012006003624454717
376,TEXTURE_GLSZM_ED_T1Gd_LGZE,0.012003937267166552
377,HISTO_NET_FLAIR_Bin6,0.011936074072681461
378,TEXTURE_GLSZM_NET_T1Gd_SZHGE,0.011895432580886782
379,TEXTURE_GLSZM_NET_FLAIR_LZE,0.011828959183853887
380,TEXTURE_GLCM_ET_T1_Entropy,0.011779379754252743
381,TEXTURE_GLSZM_NET_T2_HGZE,0.01173010290083165
382,TEXTURE_GLSZM_ET_T1Gd_ZSN,0.011646923913200482
383,HISTO_NET_T2_Bin3,0.011481047126702656
384,TEXTURE_GLSZM_ET_T1_LZE,0.011448508873608359
385,HISTO_NET_FLAIR_Bin2,0.011396071255204606
386,TEXTURE_GLOBAL_ET_T2_Variance,0.011367506052514381
387,TGM_dw,0.011362591840447515
388,TEXTURE_GLRLM_NET_T1Gd_LRLGE,0.011251747192469451
389,TEXTURE_GLOBAL_ET_T1_Kurtosis,0.01115792634409173
390,TEXTURE_GLSZM_ED_FLAIR_HGZE,0.011127486167529442
391,TEXTURE_GLCM_ET_FLAIR_Dissimilarity,0.011120252752643585
392,TEXTURE_GLSZM_ET_T1Gd_SZE,0.01108835288060635
393,INTENSITY_Mean_ED_T1,0.011006907754635035
394,TEXTURE_GLCM_ED_T1_Contrast,0.010984877896847925
395,TEXTURE_GLRLM_ET_T1_LRE,0.01095944768738522
396,INTENSITY_STD_ED_T1,0.010909612191358994
397,TEXTURE_GLOBAL_ED_T2_Kurtosis,0.010897763331543131
398,TEXTURE_GLRLM_ED_T1_SRHGE,0.010887434276851
399,TEXTURE_GLSZM_ET_T1Gd_ZSV,0.01084046516827541
400,HISTO_ET_T1Gd_Bin8,0.010728549398036368
401,INTENSITY_STD_ET_T1,0.010627742605694164
402,TEXTURE_GLSZM_ED_T1_SZLGE,0.010529116278356117
403,TEXTURE_GLRLM_ED_FLAIR_RLV,0.010449630965928512
404,TEXTURE_NGTDM_ET_T1_Strength,0.010385256745296717
405,TEXTURE_GLSZM_ET_T1Gd_GLN,0.010378930380405792
406,INTENSITY_Mean_ET_T1Gd,0.010261353881004964
407,TEXTURE_GLRLM_ET_FLAIR_RP,0.010175439110111734
408,TEXTURE_GLRLM_ET_FLAIR_RLN,0.010141591421453992
409,TEXTURE_GLRLM_ET_FLAIR_LRLGE,0.010013773556797811
410,TEXTURE_GLSZM_NET_FLAIR_LZHGE,0.010005890297168793
411,VOLUME_ED,0.009993781096205181
412,VOLUME_TC,0.009828009887527332
413,TEXTURE_NGTDM_ED_FLAIR_Strength,0.009702918321666507
414,TEXTURE_GLSZM_NET_T2_LZE,0.009674012171595395
415,TEXTURE_GLRLM_ET_T2_RLV,0.009565708279211374
416,TEXTURE_GLRLM_ET_FLAIR_SRE,0.00939530438863579
417,TEXTURE_GLRLM_NET_FLAIR_SRHGE,0.00938777154297416
418,HISTO_NET_T1_Bin4,0.009386557182496461
419,HISTO_ED_T1Gd_Bin4,0.009366874831674539
420,INTENSITY_STD_NET_T1Gd,0.009191243821255435
421,TEXTURE_GLRLM_ED_FLAIR_LGRE,0.009162267021572057
422,TEXTURE_GLRLM_ET_T1Gd_GLN,0.00914703688053004
423,TEXTURE_GLCM_ED_T1Gd_Dissimilarity,0.009096208489044836
424,TEXTURE_GLOBAL_NET_T1_Kurtosis,0.008930663591697436
425,TEXTURE_GLCM_ET_T1Gd_Variance,0.008924656740469319
426,HISTO_ET_T2_Bin7,0.008825090741795914
427,INTENSITY_STD_NET_T1,0.008658768534644222
428,TEXTURE_GLOBAL_ET_T2_Kurtosis,0.008442384896560807
429,TEXTURE_GLOBAL_ED_T1Gd_Variance,0.008425755839080923
430,HISTO_ET_T1_Bin10,0.008419717848507062
431,TEXTURE_GLCM_NET_T1_Entropy,0.008349223342460391
432,TEXTURE_GLRLM_ET_T1_RLV,0.00819482057994938
433,TEXTURE_GLCM_NET_FLAIR_Entropy,0.008153489130881266
434,HISTO_ET_T1_Bin1,0.008114178599440303
435,TEXTURE_GLOBAL_NET_T2_Variance,0.008062543672209184
436,TEXTURE_GLSZM_ET_T1Gd_LZLGE,0.008050445727600962
437,TEXTURE_GLSZM_ET_FLAIR_ZP,0.00801029973289078
438,TEXTURE_NGTDM_ET_FLAIR_Busyness,0.007992419714096453
439,INTENSITY_STD_ET_T2,0.007987831423252007
440,HISTO_ED_T1_Bin2,0.00792400983514643
441,TEXTURE_GLRLM_ED_T1Gd_RLN,0.0077975764821213425
442,TEXTURE_GLOBAL_ET_T2_Skewness,0.007674984912366723
443,TEXTURE_NGTDM_ET_FLAIR_Contrast,0.007629575125152011
444,TEXTURE_GLOBAL_ED_FLAIR_Variance,0.00756444714328193
445,HISTO_NET_FLAIR_Bin3,0.007260205484717286
446,TEXTURE_GLRLM_ED_T1Gd_SRE,0.007236319391122429
447,TEXTURE_GLSZM_ED_FLAIR_ZSV,0.007218611772292342
448,TEXTURE_NGTDM_ET_FLAIR_Complexity,0.00719858739700713
449,VOLUME_ED_over_BRAIN,0.007119873705574913
450,TEXTURE_GLSZM_ED_FLAIR_LGZE,0.007075936008836415
451,TEXTURE_GLCM_ED_T1_Dissimilarity,0.007074369130397733
452,TEXTURE_GLRLM_ET_FLAIR_LRE,0.007062369162102565
453,TEXTURE_NGTDM_ED_T1Gd_Strength,0.007025455956532099
454,TEXTURE_GLCM_ET_FLAIR_Entropy,0.0069873832769243365
455,TEXTURE_GLRLM_ED_FLAIR_GLN,0.00694357600987696
456,TEXTURE_GLSZM_ET_T2_SZHGE,0.00692860369020087
457,TEXTURE_GLRLM_ED_T1_LRE,0.006870563225908546
458,HISTO_NET_FLAIR_Bin9,0.006743334288512106
459,TEXTURE_GLCM_NET_T1Gd_Correlation,0.006541323436190759
460,TEXTURE_GLCM_ET_T2_Contrast,0.006457682512789421
461,TEXTURE_GLSZM_ET_T2_LZHGE,0.006419095147293976
462,TEXTURE_GLCM_ET_FLAIR_Correlation,0.006365144940123753
463,TEXTURE_GLSZM_NET_FLAIR_LZLGE,0.006184489494063123
464,TEXTURE_GLRLM_ED_T1Gd_HGRE,0.006047421602308546
465,TEXTURE_NGTDM_ED_T2_Strength,0.006021552446114505
466,TEXTURE_GLSZM_NET_FLAIR_SZHGE,0.005889243593446599
467,HISTO_ET_FLAIR_Bin6,0.005837364300644563
468,TEXTURE_GLCM_ED_T1Gd_Contrast,0.005771328675819116
469,HISTO_ED_FLAIR_Bin5,0.005750933383922947
470,TEXTURE_GLSZM_ED_T1Gd_ZSV,0.005569844337288061
471,TEXTURE_GLCM_ET_FLAIR_Contrast,0.005549464777787466
472,TEXTURE_GLSZM_ED_FLAIR_SZLGE,0.005546107286731507
473,TEXTURE_GLCM_ED_FLAIR_Variance,0.005515878163420002
474,TEXTURE_GLCM_ED_T1Gd_Variance,0.005496816997602607
475,HISTO_ET_FLAIR_Bin10,0.005478552946908106
476,TEXTURE_GLRLM_ET_T1Gd_LRE,0.005435515462490256
477,TEXTURE_GLCM_ED_T2_Variance,0.005429375408893524
478,TEXTURE_GLCM_ET_FLAIR_Energy,0.005413603269589705
479,TEXTURE_GLSZM_ET_T2_LZE,0.00541279355327688
480,TEXTURE_GLSZM_ET_FLAIR_LZHGE,0.005412502810201556
481,ECCENTRICITY_ED,0.005386790510667509
482,TEXTURE_GLCM_ET_T1_Variance,0.00538529539286253
483,TEXTURE_NGTDM_ET_T2_Complexity,0.005378754566671242
484,TEXTURE_GLCM_ET_T2_Homogeneity,0.005171927843414526
485,TEXTURE_GLCM_ET_FLAIR_Variance,0.005116055044060623
486,INTENSITY_Mean_ET_T2,0.004996863680929047
487,TEXTURE_GLSZM_ED_T2_LGZE,0.004882637789348292
488,TEXTURE_GLSZM_ED_T1Gd_ZP,0.004719190074843276
489,TEXTURE_GLSZM_ED_T1_ZSN,0.004653323360910167
490,TEXTURE_GLSZM_ET_FLAIR_LZE,0.004580447867482047
491,TEXTURE_NGTDM_ED_T2_Coarseness,0.004556923789144023
492,INTENSITY_Mean_ED_T2,0.00445367887127107
493,HISTO_ED_T1_Bin1,0.004399072485569285
494,TEXTURE_GLRLM_NET_T1_GLN,0.004372959943580803
495,HISTO_NET_FLAIR_Bin1,0.004341083981534369
496,HISTO_ET_T1Gd_Bin10,0.004339759520483409
497,TEXTURE_GLCM_ED_T1Gd_Energy,0.004266785887348406
498,TEXTURE_GLCM_NET_T2_Dissimilarity,0.004208660894441831
499,TEXTURE_GLOBAL_ED_FLAIR_Kurtosis,0.004158195805974928
500,HISTO_ET_T2_Bin8,0.004112093093431668
501,TEXTURE_GLSZM_ED_T1_SZE,0.00404908605489933
502,HISTO_ET_FLAIR_Bin4,0.004005029200584925
503,TEXTURE_GLSZM_NET_T2_LZHGE,0.003948576848058714
504,TEXTURE_GLCM_ED_T1_Energy,0.003918469397656303
505,HISTO_NET_T1Gd_Bin7,0.0037122962827845873
506,HISTO_NET_T2_Bin5,0.003638460361326339
507,TEXTURE_GLCM_ED_T1_Homogeneity,0.003634826275271557
508,TEXTURE_GLSZM_ED_T1_LZHGE,0.003547878955923124
509,HISTO_NET_FLAIR_Bin10,0.0035318166442054708
510,TEXTURE_GLRLM_ET_T2_GLN,0.003511276412252366
511,TEXTURE_NGTDM_ET_T2_Contrast,0.003510196782998204
512,TEXTURE_GLRLM_ED_T1Gd_SRHGE,0.0033640871904861446
513,HISTO_ET_FLAIR_Bin1,0.00329928288361761
514,HISTO_NET_T1Gd_Bin5,0.003258052692153637
515,TEXTURE_NGTDM_ET_T1Gd_Contrast,0.0032533990843657727
516,TEXTURE_GLCM_ET_T2_Correlation,0.0032410392877715135
517,HISTO_NET_T1Gd_Bin1,0.003210376340800199
518,TEXTURE_GLCM_ET_T1_AutoCorrelation,0.0031988068672242674
519,INTENSITY_Mean_NET_T1Gd,0.003161317985707753
520,HISTO_NET_T2_Bin6,0.0030894757723066582
521,TEXTURE_GLRLM_ED_T1Gd_GLV,0.0030621268104799758
522,TEXTURE_GLSZM_ED_T1Gd_SZE,0.003035330072921702
523,TEXTURE_GLSZM_ET_T2_GLN,0.003023585587635944
524,TEXTURE_GLRLM_ET_T2_GLV,0.0030097785908961023
525,TEXTURE_GLCM_ED_FLAIR_AutoCorrelation,0.002948587253206496
526,HISTO_NET_T1_Bin2,0.0029202840506380614
527,HISTO_NET_T2_Bin9,0.002874850131475906
528,TEXTURE_NGTDM_ED_T1_Coarseness,0.002874148985808961
529,TEXTURE_GLSZM_NET_T1_GLN,0.00286850975892185
530,HISTO_ET_FLAIR_Bin8,0.002816175647607326
531,TEXTURE_GLRLM_ET_T1Gd_RP,0.0027885833217183315
532,HISTO_NET_FLAIR_Bin4,0.002776362654903997
533,TEXTURE_GLRLM_ED_T2_SRLGE,0.0027677578880480436
534,TEXTURE_GLSZM_ED_T1Gd_LZE,0.0027133191170911125
535,TEXTURE_GLRLM_NET_T1Gd_LRE,0.0026174368447749513
536,TEXTURE_GLSZM_ET_T2_HGZE,0.0026130226289524925
537,HISTO_NET_FLAIR_Bin8,0.0024649524804885516
538,TEXTURE_GLRLM_ED_T1_RP,0.00243222488781357
539,TEXTURE_GLSZM_ED_T2_ZSV,0.002422448435531487
540,TEXTURE_GLRLM_ED_T1Gd_RP,0.002367380143011866
541,TEXTURE_GLRLM_NET_T1_SRHGE,0.002154807272132228
542,TEXTURE_GLSZM_ED_T1Gd_ZSN,0.002152909283588765
543,INTENSITY_STD_ET_FLAIR,0.0021205132098797005
544,HISTO_NET_T1Gd_Bin4,0.002090650286539474
545,TEXTURE_GLOBAL_ET_FLAIR_Kurtosis,0.002086081872530267
546,TEXTURE_GLCM_ET_T2_SumAverage,0.0020760186773016295
547,HISTO_ED_T2_Bin3,0.002066764613710859
548,HISTO_ET_FLAIR_Bin3,0.002040161098298985
549,TEXTURE_GLRLM_ET_T2_LRLGE,0.0020028088296324413
550,TEXTURE_GLRLM_ED_T2_LRLGE,0.0019384290194434462
551,INTENSITY_STD_NET_T2,0.0019291738869482164
552,HISTO_ET_T1Gd_Bin3,0.0019158685506092538
553,TEXTURE_GLRLM_ET_T2_RP,0.0018952606064069233
554,TEXTURE_GLCM_ET_T2_AutoCorrelation,0.0017823833309610604
555,TEXTURE_NGTDM_ED_T2_Busyness,0.001780502023052278
556,HISTO_ED_FLAIR_Bin3,0.001724374911842809
557,INTENSITY_Mean_ED_FLAIR,0.0017170293890275874
558,VOLUME_ET,0.001716378306369205
559,TEXTURE_GLRLM_ET_T2_SRHGE,0.0016724419356533174
560,TEXTURE_GLCM_ET_T2_Entropy,0.0016634504825787215
561,HISTO_NET_T1_Bin3,0.0016216616334042036
562,HISTO_NET_T2_Bin4,0.0015786767555344217
563,INTENSITY_Mean_NET_T2,0.0015672871856559746
564,TEXTURE_GLSZM_NET_T2_LZLGE,0.0015537954244681615
565,TEXTURE_GLOBAL_ED_FLAIR_Skewness,0.0015134588694894298
566,TEXTURE_GLRLM_ET_T2_HGRE,0.0014990005120487967
567,TEXTURE_GLRLM_ET_T1Gd_SRE,0.0014860245521691544
568,HISTO_ED_T1Gd_Bin9,0.0014664146951940944
569,TEXTURE_NGTDM_ED_FLAIR_Busyness,0.0014374100287380558
570,TEXTURE_NGTDM_ET_T1_Busyness,0.0014314666194174175
571,TEXTURE_GLRLM_ET_T2_SRE,0.0014133310221974176
572,TEXTURE_GLSZM_ET_T1_SZHGE,0.001402974037285408
573,TEXTURE_GLCM_NET_T1Gd_Homogeneity,0.0014006285413276272
574,TEXTURE_GLCM_ED_T2_SumAverage,0.0013788834908085427
575,TEXTURE_GLSZM_NET_T1_HGZE,0.0013636241439481521
576,HISTO_ET_T1_Bin4,0.0013416691743970914
577,TEXTURE_GLRLM_ED_FLAIR_HGRE,0.0013133003206549864
578,HISTO_ET_FLAIR_Bin9,0.0012932530505799014
579,HISTO_NET_T1_Bin6,0.0012763245318503978
580,TEXTURE_GLRLM_ET_T2_RLN,0.0012445530895165808
581,TEXTURE_GLSZM_ET_T1_LZLGE,0.0012441440439735323
582,TEXTURE_GLCM_ET_T1Gd_Entropy,0.0012036231954948178
583,TEXTURE_GLOBAL_NET_FLAIR_Kurtosis,0.0011978500476878622
584,TEXTURE_GLCM_ET_T1_SumAverage,0.0011933133469775397
585,TEXTURE_GLRLM_ET_T2_LRE,0.0011867388850456883
586,TEXTURE_GLOBAL_ET_FLAIR_Variance,0.0011801923426354353
587,TEXTURE_GLSZM_ET_FLAIR_SZE,0.0011759663395202163
588,TEXTURE_GLRLM_ET_T1Gd_RLN,0.0011041425142370085
589,TEXTURE_GLCM_ET_T1Gd_Correlation,0.0010842703629719826
590,TEXTURE_GLCM_ED_FLAIR_SumAverage,0.0010773424962719198
591,HISTO_ED_T1Gd_Bin2,0.001058047019775465
592,TEXTURE_GLRLM_NET_T1_LRHGE,0.0010468561879355303
593,TEXTURE_NGTDM_NET_T1Gd_Complexity,0.0010251200855393638
594,TEXTURE_GLRLM_ET_T1_SRHGE,0.001016988172946684
595,TEXTURE_GLOBAL_ED_T1_Skewness,0.0009976664125719834
596,TEXTURE_GLRLM_ET_T1_GLV,0.0009845715402357397
597,TEXTURE_GLSZM_NET_T1Gd_LZLGE,0.000981657554332516
598,TEXTURE_GLRLM_ED_T1Gd_RLV,0.0009686482927175832
599,INTENSITY_Mean_ET_T1,0.000964532230764428
600,TEXTURE_GLRLM_NET_T1_HGRE,0.0009447442468915871
601,TEXTURE_GLRLM_ET_T1_HGRE,0.0009148500009243728
602,TEXTURE_GLCM_ET_FLAIR_AutoCorrelation,0.0008674509422780211
603,TEXTURE_GLCM_ET_T1_Energy,0.0008466299684852258
604,TEXTURE_GLSZM_NET_T1_LZLGE,0.0008436680534680705
605,TEXTURE_GLRLM_ET_T1_LRHGE,0.0008430420219639247
606,HISTO_NET_T1Gd_Bin8,0.000834894427071742
607,TEXTURE_GLOBAL_NET_T1Gd_Skewness,0.0008291849742702677
608,TEXTURE_NGTDM_ED_T1Gd_Complexity,0.0008028522256132858
609,TEXTURE_GLSZM_ED_T1Gd_HGZE,0.0007563929207015462
610,TEXTURE_GLRLM_ET_FLAIR_GLV,0.0007533619551296609
611,TEXTURE_GLCM_ET_T2_Dissimilarity,0.0007337686442904379
612,TEXTURE_GLCM_ET_T2_Variance,0.0007210052455946394
613,TEXTURE_GLSZM_ET_FLAIR_ZSN,0.0006770850976016766
614,TEXTURE_GLSZM_ET_FLAIR_HGZE,0.0006748764725443982
615,HISTO_ET_T1_Bin3,0.0006723888584792841
616,SPATIAL_Frontal,0.0006510007802432766
617,TEXTURE_GLSZM_ED_T1Gd_SZHGE,0.0006290377180960224
618,TEXTURE_GLSZM_ET_T2_ZP,0.0006136764193781153
619,TEXTURE_GLSZM_ED_T1_GLV,0.0006085414459318183
620,TGM_Cog_Y_1,0.0005938779796986183
621,HISTO_ET_FLAIR_Bin7,0.0005501887469509194
622,HISTO_ET_T1Gd_Bin9,0.0005465458993851561
623,HISTO_ED_FLAIR_Bin7,0.0005130325079532638
624,TEXTURE_GLRLM_ET_T2_LGRE,0.0005109943490522543
625,TEXTURE_GLSZM_ED_T1_HGZE,0.000502070469763815
626,TEXTURE_GLCM_NET_T1_SumAverage,0.0004891642413666184
627,INTENSITY_STD_NET_FLAIR,0.0004834188627146641
628,HISTO_ED_T1Gd_Bin10,0.00048284518447237425
629,TEXTURE_GLOBAL_NET_FLAIR_Variance,0.0004685840549813327
630,HISTO_ET_T1_Bin9,0.0004622917243717881
631,TEXTURE_GLCM_ET_T1Gd_Energy,0.0004563828164080168
632,TEXTURE_GLSZM_ED_T1_LZE,0.00042239172570881546
633,TEXTURE_GLRLM_ET_FLAIR_SRHGE,0.0004196606026208218
634,HISTO_ED_FLAIR_Bin8,0.0003973326023221256
635,TEXTURE_NGTDM_ET_T1Gd_Complexity,0.0003833370189371832
636,TEXTURE_NGTDM_ED_T1Gd_Contrast,0.00036586067463737756
637,TEXTURE_GLSZM_ED_FLAIR_GLN,0.00032434938442406743
638,VOLUME_ET_OVER_WT,0.0003005649130704679
639,VOLUME_WT,0.000300198139409051
640,TEXTURE_GLSZM_ET_T1_GLN,0.000261838849216805
641,TEXTURE_GLSZM_ET_T1Gd_ZP,0.0002608887613127393
642,TEXTURE_GLRLM_ED_T1_SRE,0.00024772635082793407
643,TEXTURE_NGTDM_ED_T1_Complexity,0.00024680417006569345
644,TEXTURE_GLRLM_ET_FLAIR_GLN,0.000246804010705122
645,TEXTURE_GLCM_ET_T1Gd_Homogeneity,0.00023133522983994056
646,TEXTURE_GLSZM_NET_FLAIR_HGZE,0.00023099097394542757
647,TEXTURE_GLCM_NET_T1Gd_Dissimilarity,0.0002220689597420459
648,TEXTURE_GLRLM_ET_T2_SRLGE,0.00021628847301900805
649,TEXTURE_GLRLM_ET_T1Gd_RLV,0.0002082917302272065
650,TEXTURE_GLRLM_ET_T1_GLN,0.00020229850765359766
651,TEXTURE_NGTDM_NET_T1Gd_Contrast,0.00020025994630664147
652,HISTO_NET_T1_Bin1,0.00020016973086110396
653,TEXTURE_GLCM_ED_T2_AutoCorrelation,0.0001929027357738884
654,TEXTURE_GLSZM_ED_T2_SZLGE,0.00019276390370777957
655,TEXTURE_GLCM_NET_T1_AutoCorrelation,0.00018883636381755294
656,TEXTURE_GLRLM_ET_FLAIR_LRHGE,0.00018273865839954102
657,TEXTURE_NGTDM_ED_T1Gd_Coarseness,0.00017694015096463605
658,TEXTURE_GLRLM_ET_FLAIR_HGRE,0.00016805797537703025
659,TEXTURE_GLRLM_ED_T1_RLV,0.00016051371611611087
660,HISTO_ED_FLAIR_Bin2,0.00015737110247121818
661,TEXTURE_NGTDM_ED_T1_Contrast,0.00015353033025562398
662,HISTO_ED_T1Gd_Bin5,0.0001513187760181949
663,TEXTURE_GLRLM_ED_T1Gd_LRE,0.00014638193449407103
664,TEXTURE_GLRLM_ED_T1_RLN,0.00014530437063992084
665,TEXTURE_GLRLM_ET_T2_LRHGE,0.0001403059647598669
666,VOLUME_WT_OVER_BRAIN,0.00013808837271384245
667,TEXTURE_GLCM_ET_T2_Energy,0.00013413680190165367
668,TEXTURE_GLCM_NET_T2_Contrast,0.00012505735078005068
669,HISTO_ED_T1_Bin7,0.0001234875681189586
670,TEXTURE_GLSZM_ET_FLAIR_GLN,0.00012029958876845379
671,TEXTURE_GLSZM_ED_T1_SZHGE,7.038148095870218e-05
672,TEXTURE_GLSZM_ET_T1_HGZE,6.835874375167013e-05
673,TEXTURE_GLRLM_ED_T2_LGRE,6.809167243597208e-05
674,VOLUME_ET_OVER_BRAIN,6.651685803250815e-05
675,TEXTURE_GLRLM_ED_FLAIR_SRHGE,6.518831891083725e-05
676,HISTO_NET_FLAIR_Bin7,6.056565261993601e-05
677,TGM_p1,5.9728334939257015e-05
678,TEXTURE_GLSZM_ED_T1_ZSV,5.91767849793949e-05
679,TEXTURE_GLSZM_NET_T2_SZHGE,5.3948221745375364e-05
680,HISTO_ET_T1_Bin2,5.106696468626153e-05
681,TEXTURE_GLOBAL_NET_T1_Skewness,4.948157757143293e-05
682,TEXTURE_GLSZM_ET_FLAIR_SZHGE,3.853480070195194e-05
683,TEXTURE_GLSZM_ET_T1_LZHGE,3.60284313624199e-05
684,TEXTURE_GLSZM_ED_T1_ZP,3.43240743991376e-05
685,INTENSITY_Mean_NET_T1,3.193015350275739e-05
686,TEXTURE_GLCM_ET_T1Gd_Contrast,3.063286196758297e-05
687,HISTO_ED_FLAIR_Bin1,2.8465258669618178e-05
688,TEXTURE_GLCM_NET_T1Gd_Contrast,2.601884027906993e-05
689,TEXTURE_GLCM_NET_T1_Variance,2.4335919908493005e-05
690,HISTO_NET_FLAIR_Bin5,1.8501022899011915e-05
691,HISTO_ED_T2_Bin1,1.820663996771851e-05
692,TEXTURE_GLCM_ET_T1Gd_Dissimilarity,1.6091617664041183e-05
693,HISTO_ED_T1_Bin3,1.208319785618513e-05
694,TEXTURE_GLCM_ED_T1_Entropy,1.0060411633416504e-05
695,HISTO_ED_T1_Bin4,6.965385091854233e-06
696,TEXTURE_GLCM_ET_FLAIR_SumAverage,4.446590589118761e-06
697,HISTO_NET_T1_Bin7,4.167606896978644e-06
698,TEXTURE_GLOBAL_ET_T1Gd_Kurtosis,3.582407539118411e-06
699,TEXTURE_NGTDM_NET_T2_Complexity,2.7227243033644765e-06
700,TEXTURE_GLRLM_ED_FLAIR_SRLGE,1.814061602696584e-06
701,TEXTURE_GLSZM_ET_FLAIR_LZLGE,1.0265067484069463e-06
702,HISTO_ED_T1Gd_Bin8,6.138591564147965e-07
703,TEXTURE_GLCM_ED_T1Gd_Entropy,1.3143185776891067e-07
704,TEXTURE_NGTDM_ET_T2_Busyness,6.199025945282541e-09
